paciente_dni,medico,fecha_hora,especialidad,motivo,prioridad_peso,id_volante,estado
66074300S,tomaguio41@fakeemail.com,2026-02-23 08:00,Pediatría,Renovación de medicación,1.0,,Confirmada
67223002M,linopere223@test.com,2026-02-23 08:00,Neurología,Volante - Derivación Baja,1.0,d7211995-6628-47bc-9441-73d25e3b4396,Confirmada
03496609B,angesast324@test.com,2026-02-23 08:00,Pediatría,Revisión de analíticas,1.0,,Confirmada
64247077G,enriport779@fakeemail.com,2026-02-23 08:30,Psiquiatría,Volante - Derivación Baja,1.0,82ae7b31-e3b8-4ae7-82ed-24e085a0d9f9,Confirmada
11377510P,angesast324@test.com,2026-02-23 08:30,Pediatría,Revisión de analíticas,1.0,,Lista de Espera
62664196Y,linopere223@test.com,2026-02-23 08:45,Neurología,Volante - Derivación Media,2.0,51adfdff-e0a4-4958-bb9d-68d8101fdc11,Confirmada
67223002M,ceciross98@example.com,2026-02-23 08:45,Oncología,Volante - Derivación Baja,1.0,103a1639-7341-4961-b606-ec84fa367a9a,Confirmada
29878680R,anadel212@fakeemail.com,2026-02-23 09:00,Cardiología,Volante - Derivación Baja,1.0,eed28067-ec84-4146-abb0-ed8c9e01451c,Confirmada
84580564L,enriport779@fakeemail.com,2026-02-23 09:00,Psiquiatría,Volante - Derivación Baja,1.0,408a82b3-8464-4971-b3ca-1689f7261103,Confirmada
64485145E,cariflor149@test.com,2026-02-23 09:00,Ginecología,Volante - Derivación Baja,1.0,2542e0f2-ccff-472f-a984-731e955add7b,Lista de Espera
25489931C,linopere223@test.com,2026-02-23 09:00,Neurología,Volante - Derivación Baja,1.0,f97b731f-8ab7-4326-b155-7d8d8568fe1a,Lista de Espera
70516985C,tereestr837@example.com,2026-02-23 09:00,Traumatología,Volante - Derivación Media,2.0,bc42619e-0a6a-4009-9188-4d553f0e5ba7,Lista de Espera
37884463J,enriport779@fakeemail.com,2026-02-23 09:15,Psiquiatría,Volante - Derivación Alta,3.0,80e38201-078b-4170-a99e-7294001723fe,Confirmada
72005264S,fideherr429@example.com,2026-02-23 09:30,Dermatología,Volante - Derivación Baja,1.0,2c4bb07f-2bdc-4865-95e0-b2ac73c6ddf5,Lista de Espera
90541251A,linopere223@test.com,2026-02-23 09:30,Neurología,Volante - Derivación Baja,1.0,dba28f07-094a-4d43-a067-db7a8d5dc200,Confirmada
56510979W,ceciross98@example.com,2026-02-23 09:30,Oncología,Volante - Derivación Baja,1.0,d59fa95d-a6e4-41d6-88b4-fde6c2e0db49,Confirmada
85613037E,angesast324@test.com,2026-02-23 09:30,Pediatría,Renovación de medicación,1.0,,Confirmada
60480137G,linopere223@test.com,2026-02-23 09:45,Neurología,Volante - Derivación Baja,1.0,6870a022-4d33-4ccc-81e6-ed5408a4ae91,Confirmada
29099523S,anadel212@fakeemail.com,2026-02-23 10:00,Cardiología,Volante - Derivación Baja,1.0,1c356b04-6e26-4645-a114-e3fea693c381,Confirmada
62664196Y,tomaguio41@fakeemail.com,2026-02-23 10:00,Pediatría,Renovación de medicación,1.0,,Confirmada
45490964T,enriport779@fakeemail.com,2026-02-23 10:00,Psiquiatría,Volante - Derivación Baja,1.0,b490e327-6e56-4c14-ab9c-fabfa4c1496c,Lista de Espera
53780937Z,sariteno261@test.com,2026-02-23 10:00,Ortopedia,Volante - Derivación Baja,1.0,07d2888e-3b3a-447d-972d-0380c3319f80,Confirmada
56510979W,angesast324@test.com,2026-02-23 10:00,Pediatría,Revisión de analíticas,1.0,,Confirmada
84580564L,primpozo730@test.com,2026-02-23 10:15,Dermatología,Volante - Derivación Media,2.0,f1f8e208-d8d8-4597-86c5-89a58c845226,Lista de Espera
75608512Z,cariflor149@test.com,2026-02-23 10:30,Ginecología,Volante - Derivación Baja,1.0,10471277-10d9-4085-a99c-c1656c85722a,Confirmada
17924058C,fideherr429@example.com,2026-02-23 11:00,Dermatología,Volante - Derivación Baja,1.0,32fa01ed-e59f-497d-a8ef-762f404b23d9,Lista de Espera
72713180Z,linopere223@test.com,2026-02-23 11:00,Neurología,Volante - Derivación Media,2.0,a3b56326-3427-442f-821c-51458ab35b76,Lista de Espera
71414884E,juanpabl907@fakeemail.com,2026-02-23 11:00,Oftalmología,Volante - Derivación Baja,1.0,408efebc-3f3e-45f5-94c0-6a102f35443c,Confirmada
10216925A,tereestr837@example.com,2026-02-23 11:00,Traumatología,Volante - Derivación Baja,1.0,c90eb8e9-1dc4-4af1-9808-2f5b696913cd,Confirmada
03496609B,enriport779@fakeemail.com,2026-02-23 11:30,Psiquiatría,Volante - Derivación Baja,1.0,67575fd2-59e2-4d9b-aed8-fcebd4868151,Lista de Espera
67667924S,linopere223@test.com,2026-02-23 11:30,Neurología,Volante - Derivación Baja,1.0,defb56bc-795a-487e-97e4-8eabe3c34f71,Lista de Espera
75608512Z,linopere223@test.com,2026-02-23 11:45,Neurología,Volante - Derivación Baja,1.0,66cad35f-9d65-4698-a8c8-dafb93a998ce,Lista de Espera
48252795Z,ceciross98@example.com,2026-02-23 11:45,Oncología,Volante - Derivación Baja,1.0,78881154-ea7c-4bff-bc42-40fb63b399da,Confirmada
91496767F,primpozo730@test.com,2026-02-23 11:45,Dermatología,Volante - Derivación Baja,1.0,fe0d4f5d-f7bd-44e2-80ba-d00a1e8b2701,Confirmada
26189238N,enriport779@fakeemail.com,2026-02-23 12:00,Psiquiatría,Volante - Derivación Alta,3.0,144a2ef8-e7d8-4f4d-adf5-f526698838f4,Lista de Espera
71678090Q,cariflor149@test.com,2026-02-23 12:00,Ginecología,Volante - Derivación Baja,1.0,ec74eccf-c529-4bab-8d5f-ee239daea06d,Confirmada
19322046E,enriport779@fakeemail.com,2026-02-23 12:30,Psiquiatría,Volante - Derivación Baja,1.0,8791a50f-4b58-4701-b6d9-4390cd779c35,Confirmada
25483108M,juanpabl907@fakeemail.com,2026-02-23 12:30,Oftalmología,Volante - Derivación Media,2.0,a7af8f8a-78f8-4283-a3c5-064a6ff8aa47,Confirmada
22215088D,angesast324@test.com,2026-02-23 12:30,Pediatría,Consulta General,1.0,,Lista de Espera
27059250A,linopere223@test.com,2026-02-23 12:45,Neurología,Volante - Derivación Baja,1.0,057fdd41-8015-467c-a3fb-6b7fd67886ba,Confirmada
47645559R,enriport779@fakeemail.com,2026-02-23 13:00,Psiquiatría,Volante - Derivación Baja,1.0,d13c6fb4-94f6-4b2c-b324-72ad9a8dde2d,Confirmada
53780937Z,tereestr837@example.com,2026-02-23 13:00,Traumatología,Volante - Derivación Baja,1.0,2fa65375-cc7e-4b83-8997-470178ca991d,Confirmada
71678090Q,linopere223@test.com,2026-02-23 13:15,Neurología,Volante - Derivación Baja,1.0,330629c9-120a-443f-9d07-1d812722f630,Confirmada
84111808A,primpozo730@test.com,2026-02-23 13:15,Dermatología,Volante - Derivación Baja,1.0,50eb3f77-85c2-412f-9bfc-e52469e7ebcc,Confirmada
32113754G,enriport779@fakeemail.com,2026-02-23 13:30,Psiquiatría,Volante - Derivación Baja,1.0,23388a35-c71d-475f-a953-b8f3f6cf5d9d,Confirmada
58131686Z,tereestr837@example.com,2026-02-23 13:30,Traumatología,Volante - Derivación Baja,1.0,e5d08882-4908-4047-99f7-42263bb82064,Confirmada
95385351G,enriport779@fakeemail.com,2026-02-23 13:45,Psiquiatría,Volante - Derivación Alta,3.0,d41ec0b3-21d0-4215-b577-55c583d32875,Confirmada
32113754G,fideherr429@example.com,2026-02-23 14:00,Dermatología,Volante - Derivación Alta,3.0,d2769ae7-7f1e-4300-ba82-ff19f47ad9fd,Lista de Espera
95633207N,enriport779@fakeemail.com,2026-02-23 14:00,Psiquiatría,Volante - Derivación Baja,1.0,3197ad1a-2c74-4c41-9c75-4d3fc1acb665,Lista de Espera
64247077G,juanpabl907@fakeemail.com,2026-02-23 14:00,Oftalmología,Volante - Derivación Baja,1.0,55413e9b-0876-44b8-a82e-3bb25dfc1bd8,Confirmada
68827354S,sariteno261@test.com,2026-02-23 14:00,Ortopedia,Volante - Derivación Media,2.0,53ca2172-1978-470e-b404-e7fe58f1d684,Confirmada
78688539L,tereestr837@example.com,2026-02-23 14:00,Traumatología,Volante - Derivación Baja,1.0,98d9530b-eacd-4e4c-a80e-b4e87cfa80d1,Confirmada
85463086P,linopere223@test.com,2026-02-23 14:30,Neurología,Volante - Derivación Baja,1.0,ed6c4e9b-4672-48d6-a1d1-6e1f94d03d8b,Confirmada
53108171K,narcpeir429@test.com,2026-02-23 15:00,Pediatría,Renovación de medicación,1.0,,Lista de Espera
70373989S,marcmari965@test.com,2026-02-23 15:00,Cardiología,Volante - Derivación Baja,1.0,854a8de2-f0ca-4b78-b7bd-347d7f683e4e,Confirmada
11377510P,liliquer145@test.com,2026-02-23 15:00,Oftalmología,Volante - Derivación Baja,1.0,9cf30503-195f-4cf4-ad6f-d40ea61bfd15,Confirmada
53108171K,narcpeir429@test.com,2026-02-23 15:15,Pediatría,Consulta General,1.0,,Lista de Espera
53108171K,narcpeir429@test.com,2026-02-23 15:30,Pediatría,Renovación de medicación,1.0,,Lista de Espera
85613037E,marcmari965@test.com,2026-02-23 15:30,Cardiología,Volante - Derivación Baja,1.0,d2413c0d-0dd8-4e5f-b793-48818e7b7112,Lista de Espera
06877156H,larajime934@test.com,2026-02-23 15:45,Medicina General,Revisión de analíticas,1.0,,Confirmada
66309288N,liliquer145@test.com,2026-02-23 15:45,Oftalmología,Volante - Derivación Baja,1.0,2d5debd4-5436-4dad-bdc2-8ac67adb619f,Lista de Espera
84111808A,cariflor149@test.com,2026-02-23 16:00,Ginecología,Volante - Derivación Media,2.0,864421b8-98b0-498e-85fc-8fd011792851,Lista de Espera
53108171K,narcpeir429@test.com,2026-02-23 16:15,Pediatría,Renovación de medicación,1.0,,Lista de Espera
88184034X,marcmari965@test.com,2026-02-23 16:15,Cardiología,Volante - Derivación Baja,1.0,13aa8f95-bdaf-42e5-b1ea-66e66437558d,Confirmada
05916827P,larajime934@test.com,2026-02-23 16:30,Medicina General,Consulta General,1.0,,Confirmada
05916827P,larajime934@test.com,2026-02-23 16:45,Medicina General,Revisión de analíticas,1.0,,Confirmada
78688539L,aitasala693@fakeemail.com,2026-02-23 17:00,Medicina General,Renovación de medicación,1.0,,Confirmada
26189238N,larajime934@test.com,2026-02-23 17:00,Medicina General,Renovación de medicación,1.0,,Confirmada
76214236X,aguemart303@example.com,2026-02-23 17:00,Medicina General,Revisión de analíticas,1.0,,Confirmada
53108171K,narcpeir429@test.com,2026-02-23 17:15,Pediatría,Consulta General,1.0,,Lista de Espera
06877156H,larajime934@test.com,2026-02-23 17:15,Medicina General,Renovación de medicación,1.0,,Confirmada
53504438K,marcmari965@test.com,2026-02-23 17:15,Cardiología,Volante - Derivación Media,2.0,729aece8-698b-44cb-8941-80f410d0cf9a,Lista de Espera
95385351G,marcmari965@test.com,2026-02-23 17:30,Cardiología,Volante - Derivación Alta,3.0,8b9c68db-acc5-47b6-aa14-0f9d9aed5603,Confirmada
53108171K,narcpeir429@test.com,2026-02-23 17:45,Pediatría,Consulta General,1.0,,Confirmada
53108171K,narcpeir429@test.com,2026-02-23 18:00,Pediatría,Renovación de medicación,1.0,,Confirmada
72005264S,aguemart303@example.com,2026-02-23 18:00,Medicina General,Revisión de analíticas,1.0,,Lista de Espera
53018179M,marcmari965@test.com,2026-02-23 18:15,Cardiología,Volante - Derivación Baja,1.0,bb12dc6a-4a0a-4e4d-a34c-4614fd5a6663,Confirmada
14793960S,larajime934@test.com,2026-02-23 18:30,Medicina General,Consulta General,1.0,,Confirmada
89850390Q,larajime934@test.com,2026-02-23 18:45,Medicina General,Renovación de medicación,1.0,,Confirmada
53504438K,marcmari965@test.com,2026-02-23 18:45,Cardiología,Volante - Derivación Baja,1.0,09bde8c8-325a-4216-9ec0-fc813440498a,Lista de Espera
66309288N,larajime934@test.com,2026-02-23 19:45,Medicina General,Consulta General,1.0,,Lista de Espera
04248696K,aitasala693@fakeemail.com,2026-02-23 20:00,Medicina General,Revisión de analíticas,1.0,,Lista de Espera
88184034X,larajime934@test.com,2026-02-23 20:00,Medicina General,Consulta General,1.0,,Confirmada
10216925A,marcmari965@test.com,2026-02-23 20:00,Cardiología,Volante - Derivación Baja,1.0,17e94112-2966-4953-b473-b57da0c8c2c4,Confirmada
81445453S,aguemart303@example.com,2026-02-23 20:00,Medicina General,Revisión de analíticas,1.0,,Lista de Espera
35137729P,liliquer145@test.com,2026-02-23 20:15,Oftalmología,Volante - Derivación Baja,1.0,70edf4c1-d6fb-4c8a-ba42-34fcbda59cef,Confirmada
53108171K,narcpeir429@test.com,2026-02-23 20:30,Pediatría,Consulta General,1.0,,Lista de Espera
33229784M,aguemart303@example.com,2026-02-23 20:30,Medicina General,Renovación de medicación,1.0,,Confirmada
53108171K,narcpeir429@test.com,2026-02-23 20:45,Pediatría,Consulta General,1.0,,Confirmada
81445453S,marcmari965@test.com,2026-02-23 20:45,Cardiología,Volante - Derivación Baja,1.0,2fc72d4e-e16e-4ca9-a339-1fd8e7199125,Lista de Espera
33229784M,linopere223@test.com,2026-02-24 08:00,Neurología,Volante - Derivación Baja,1.0,a7a57586-c620-4412-8fc9-7c78fcbcf2ee,Lista de Espera
71414884E,sariteno261@test.com,2026-02-24 08:00,Ortopedia,Volante - Derivación Baja,1.0,9ab37eeb-e777-418a-a349-6400f28d9d82,Confirmada
53504438K,enriport779@fakeemail.com,2026-02-24 08:15,Psiquiatría,Volante - Derivación Baja,1.0,c9e6b920-dab8-427d-8ac2-17a8029c8e02,Lista de Espera
29272085P,linopere223@test.com,2026-02-24 08:15,Neurología,Volante - Derivación Baja,1.0,cb921b97-1928-436a-94a9-d3669a167e36,Confirmada
46728006X,enriport779@fakeemail.com,2026-02-24 08:30,Psiquiatría,Volante - Derivación Baja,1.0,3a0518cd-7cf8-4b4e-824c-64485d5edd6f,Confirmada
04094048W,linopere223@test.com,2026-02-24 08:30,Neurología,Volante - Derivación Alta,3.0,294e5d17-2752-425e-bced-0843afffbd2e,Confirmada
78688539L,enriport779@fakeemail.com,2026-02-24 08:45,Psiquiatría,Volante - Derivación Media,2.0,1fa6ce98-7b2a-49dd-893b-5ca84c6717b3,Lista de Espera
08600140A,linopere223@test.com,2026-02-24 08:45,Neurología,Volante - Derivación Baja,1.0,dd93809a-a72d-4227-86a6-36ad3d338396,Confirmada
92849730H,juanpabl907@fakeemail.com,2026-02-24 08:45,Oftalmología,Volante - Derivación Alta,3.0,95064c05-448b-4f19-9734-bc1ab1a71746,Confirmada
76214236X,anadel212@fakeemail.com,2026-02-24 09:00,Cardiología,Volante - Derivación Media,2.0,9c622a08-f3e2-45f6-b02d-640407ca4291,Lista de Espera
71414884E,tomaguio41@fakeemail.com,2026-02-24 09:00,Pediatría,Revisión de analíticas,1.0,,Confirmada
46094107Z,enriport779@fakeemail.com,2026-02-24 09:00,Psiquiatría,Volante - Derivación Media,2.0,29c3ae36-6ac0-4ee2-9608-f4e3dd4c926d,Confirmada
43713302P,cariflor149@test.com,2026-02-24 09:00,Ginecología,Volante - Derivación Baja,1.0,62e74bb4-3770-432c-aa50-77d685cfa920,Lista de Espera
85613037E,angesast324@test.com,2026-02-24 09:00,Pediatría,Consulta General,1.0,,Lista de Espera
50952260S,linopere223@test.com,2026-02-24 09:15,Neurología,Volante - Derivación Baja,1.0,8e1ec15e-9353-48af-ac13-fa370f9dbea0,Confirmada
06877156H,fideherr429@example.com,2026-02-24 09:30,Dermatología,Volante - Derivación Baja,1.0,b0e602f4-9148-4e07-b960-03925ee850b6,Confirmada
88083451Y,enriport779@fakeemail.com,2026-02-24 09:30,Psiquiatría,Volante - Derivación Baja,1.0,1cb09366-591f-4eee-a198-98fc4ba4151b,Confirmada
90541251A,ceciross98@example.com,2026-02-24 09:30,Oncología,Volante - Derivación Alta,3.0,a31bba9d-95df-46af-923d-337ced1f8b8e,Confirmada
48252795Z,angesast324@test.com,2026-02-24 09:30,Pediatría,Consulta General,1.0,,Confirmada
14064928Z,linopere223@test.com,2026-02-24 09:45,Neurología,Volante - Derivación Baja,1.0,a79a3eaa-8b34-4590-ad1d-3dea18cbc2c7,Lista de Espera
26189238N,enriport779@fakeemail.com,2026-02-24 10:00,Psiquiatría,Volante - Derivación Baja,1.0,a7308e27-cc3f-4b6a-9f7b-edb58bd0db1f,Confirmada
19322046E,ceciross98@example.com,2026-02-24 10:15,Oncología,Volante - Derivación Alta,3.0,e0d70673-0918-4e88-8ecb-2755666c7670,Lista de Espera
90541251A,linopere223@test.com,2026-02-24 10:30,Neurología,Volante - Derivación Baja,1.0,bb208997-a9de-4f22-af9b-838230384df2,Lista de Espera
57315868Y,juanpabl907@fakeemail.com,2026-02-24 11:00,Oftalmología,Volante - Derivación Media,2.0,3e356390-d3bc-448f-a605-3bea0ed36e26,Confirmada
96232651F,ceciross98@example.com,2026-02-24 11:00,Oncología,Volante - Derivación Baja,1.0,c4cc4e11-4bbe-4ac3-94d3-f57e90712bd0,Confirmada
62664196Y,enriport779@fakeemail.com,2026-02-24 11:15,Psiquiatría,Volante - Derivación Baja,1.0,0e7fcb57-2cb3-44f8-930a-c23501412c74,Confirmada
44725030N,fideherr429@example.com,2026-02-24 11:45,Dermatología,Volante - Derivación Baja,1.0,b47e3428-4758-4b2d-be3b-0621dd4ffec0,Lista de Espera
54696743Y,juanpabl907@fakeemail.com,2026-02-24 11:45,Oftalmología,Volante - Derivación Media,2.0,0abd4d0e-a28d-4deb-802b-2c633f3d7f6c,Confirmada
32335435B,linopere223@test.com,2026-02-24 12:00,Neurología,Volante - Derivación Baja,1.0,4ac2d62a-f34e-4461-87c3-f7bc23e2789e,Confirmada
22215088D,angesast324@test.com,2026-02-24 12:00,Pediatría,Revisión de analíticas,1.0,,Confirmada
75608512Z,linopere223@test.com,2026-02-24 12:15,Neurología,Volante - Derivación Baja,1.0,d63e9050-1840-4857-9e48-5fedd80edb5e,Confirmada
45490964T,enriport779@fakeemail.com,2026-02-24 12:30,Psiquiatría,Volante - Derivación Baja,1.0,51aebb0b-c06b-4e89-9c67-a507d94b3ffe,Confirmada
03496609B,angesast324@test.com,2026-02-24 12:30,Pediatría,Revisión de analíticas,1.0,,Lista de Espera
48252795Z,angesast324@test.com,2026-02-24 13:00,Pediatría,Revisión de analíticas,1.0,,Confirmada
89193970Q,enriport779@fakeemail.com,2026-02-24 13:15,Psiquiatría,Volante - Derivación Baja,1.0,0f8b93b4-a5c2-4e7f-b59d-1f196de41559,Lista de Espera
15243013Q,enriport779@fakeemail.com,2026-02-24 13:30,Psiquiatría,Volante - Derivación Baja,1.0,36960e93-234a-4382-8bff-ff7c65fe74e4,Confirmada
14793960S,linopere223@test.com,2026-02-24 13:30,Neurología,Volante - Derivación Baja,1.0,a2760f30-75b7-4e4e-9805-a145eaf6bbec,Lista de Espera
64247077G,linopere223@test.com,2026-02-24 13:45,Neurología,Volante - Derivación Media,2.0,3770eceb-1eaf-4f19-8d1c-d964b4e77cc5,Confirmada
53780937Z,anadel212@fakeemail.com,2026-02-24 14:00,Cardiología,Volante - Derivación Baja,1.0,0481df59-0c5c-4b5c-b8df-565de06c773c,Lista de Espera
64247077G,fideherr429@example.com,2026-02-24 14:00,Dermatología,Volante - Derivación Baja,1.0,961c2380-bb7a-4288-a02a-08c0a679c0b0,Confirmada
71414884E,tomaguio41@fakeemail.com,2026-02-24 14:00,Pediatría,Revisión de analíticas,1.0,,Confirmada
51445312Q,sariteno261@test.com,2026-02-24 14:00,Ortopedia,Volante - Derivación Baja,1.0,bc3a8e61-c3d8-4857-9cf3-c3b44d154ca0,Confirmada
25483108M,enriport779@fakeemail.com,2026-02-24 14:45,Psiquiatría,Volante - Derivación Baja,1.0,1626e8c1-a179-46d1-ab94-41be9a14f9c9,Confirmada
70373989S,aitasala693@fakeemail.com,2026-02-24 15:00,Medicina General,Consulta General,1.0,,Lista de Espera
64485145E,larajime934@test.com,2026-02-24 15:00,Medicina General,Renovación de medicación,1.0,,Lista de Espera
54771485K,liliquer145@test.com,2026-02-24 15:00,Oftalmología,Volante - Derivación Baja,1.0,4ce3d19a-3429-42cb-afb7-d58497d2c2b7,Confirmada
06877156H,larajime934@test.com,2026-02-24 15:30,Medicina General,Consulta General,1.0,,Confirmada
53108171K,narcpeir429@test.com,2026-02-24 15:45,Pediatría,Revisión de analíticas,1.0,,Confirmada
53780937Z,liliquer145@test.com,2026-02-24 15:45,Oftalmología,Volante - Derivación Baja,1.0,77748aba-7590-4a7f-88d5-c7d50c8fbdbe,Confirmada
15191143B,larajime934@test.com,2026-02-24 16:00,Medicina General,Consulta General,1.0,,Confirmada
84580564L,aguemart303@example.com,2026-02-24 16:00,Medicina General,Renovación de medicación,1.0,,Confirmada
53108171K,narcpeir429@test.com,2026-02-24 16:15,Pediatría,Revisión de analíticas,1.0,,Lista de Espera
15191143B,larajime934@test.com,2026-02-24 16:30,Medicina General,Renovación de medicación,1.0,,Lista de Espera
53018179M,liliquer145@test.com,2026-02-24 16:30,Oftalmología,Volante - Derivación Baja,1.0,e8ede2f7-a0c4-4a57-ba0c-b62a341bca2c,Lista de Espera
36032758S,cariflor149@test.com,2026-02-24 16:45,Ginecología,Volante - Derivación Baja,1.0,c5407846-5ae5-4d3d-9f91-8ceadc2ceaa1,Lista de Espera
53108171K,narcpeir429@test.com,2026-02-24 16:45,Pediatría,Renovación de medicación,1.0,,Confirmada
53108171K,narcpeir429@test.com,2026-02-24 17:00,Pediatría,Revisión de analíticas,1.0,,Lista de Espera
37884463J,larajime934@test.com,2026-02-24 17:00,Medicina General,Consulta General,1.0,,Confirmada
81445453S,aguemart303@example.com,2026-02-24 17:00,Medicina General,Consulta General,1.0,,Confirmada
77299811P,larajime934@test.com,2026-02-24 17:15,Medicina General,Consulta General,1.0,,Confirmada
44725030N,cariflor149@test.com,2026-02-24 17:30,Ginecología,Volante - Derivación Media,2.0,690d9144-83c2-47c1-8893-73b9fa22f778,Confirmada
70373989S,aitasala693@fakeemail.com,2026-02-24 18:00,Medicina General,Renovación de medicación,1.0,,Lista de Espera
29099523S,larajime934@test.com,2026-02-24 18:00,Medicina General,Consulta General,1.0,,Confirmada
84580564L,cariflor149@test.com,2026-02-24 18:15,Ginecología,Volante - Derivación Alta,3.0,6270b660-b9e3-4e13-ae6c-0cf3a5fecf0e,Confirmada
26189238N,larajime934@test.com,2026-02-24 19:00,Medicina General,Renovación de medicación,1.0,,Confirmada
43713302P,aguemart303@example.com,2026-02-24 19:00,Medicina General,Revisión de analíticas,1.0,,Lista de Espera
53108171K,narcpeir429@test.com,2026-02-24 19:30,Pediatría,Revisión de analíticas,1.0,,Confirmada
53108171K,narcpeir429@test.com,2026-02-24 19:45,Pediatría,Revisión de analíticas,1.0,,Lista de Espera
77299811P,larajime934@test.com,2026-02-24 19:45,Medicina General,Consulta General,1.0,,Confirmada
53108171K,narcpeir429@test.com,2026-02-24 20:00,Pediatría,Renovación de medicación,1.0,,Confirmada
27059250A,aguemart303@example.com,2026-02-24 20:00,Medicina General,Revisión de analíticas,1.0,,Confirmada
53108171K,narcpeir429@test.com,2026-02-24 20:30,Pediatría,Consulta General,1.0,,Confirmada
53108171K,narcpeir429@test.com,2026-02-24 20:45,Pediatría,Renovación de medicación,1.0,,Lista de Espera
70516985C,sariteno261@test.com,2026-02-25 08:00,Ortopedia,Volante - Derivación Baja,1.0,1285c0c3-6ca6-4843-a18a-8119f932dbeb,Lista de Espera
44725030N,enriport779@fakeemail.com,2026-02-25 08:15,Psiquiatría,Volante - Derivación Baja,1.0,034e4ce4-5443-494b-b13b-4fd3cdbdffb6,Confirmada
45533458J,linopere223@test.com,2026-02-25 08:15,Neurología,Volante - Derivación Media,2.0,3d79228e-7058-4c33-89b5-6fb45bc95e45,Confirmada
43713302P,linopere223@test.com,2026-02-25 08:30,Neurología,Volante - Derivación Baja,1.0,977b3902-b716-4894-8a2c-b4ce3754d23e,Confirmada
85463086P,anadel212@fakeemail.com,2026-02-25 09:00,Cardiología,Volante - Derivación Baja,1.0,aaa324e6-5642-4579-9838-331a8299be88,Confirmada
85463086P,enriport779@fakeemail.com,2026-02-25 09:00,Psiquiatría,Volante - Derivación Baja,1.0,b514eebb-3748-489e-8e56-351f7d0240c6,Confirmada
22215088D,linopere223@test.com,2026-02-25 09:00,Neurología,Volante - Derivación Baja,1.0,5dc704ae-f1c3-4f85-b658-30044f4687be,Confirmada
67223002M,sariteno261@test.com,2026-02-25 09:00,Ortopedia,Volante - Derivación Media,2.0,cc10f5ca-5efc-428d-a89c-9413fca35cec,Confirmada
48252795Z,angesast324@test.com,2026-02-25 09:00,Pediatría,Consulta General,1.0,,Confirmada
67667924S,enriport779@fakeemail.com,2026-02-25 09:15,Psiquiatría,Volante - Derivación Baja,1.0,a73a3539-ec27-4302-9ca9-82ce559226ba,Lista de Espera
67667924S,tereestr837@example.com,2026-02-25 09:30,Traumatología,Volante - Derivación Baja,1.0,0cde0a37-c408-4442-ab26-e9b825be1697,Confirmada
47645559R,primpozo730@test.com,2026-02-25 09:30,Dermatología,Volante - Derivación Baja,1.0,9793c121-c24f-4846-98d6-1b08993e2a80,Lista de Espera
31693038G,enriport779@fakeemail.com,2026-02-25 10:00,Psiquiatría,Volante - Derivación Baja,1.0,94d7e3cc-2606-480b-a433-f105557888d7,Confirmada
91496767F,linopere223@test.com,2026-02-25 10:00,Neurología,Volante - Derivación Baja,1.0,9dc07a0b-be6c-41ff-8e4a-d6e46c951abe,Confirmada
44354450P,tereestr837@example.com,2026-02-25 10:00,Traumatología,Volante - Derivación Baja,1.0,5b084177-98af-4452-a3f6-6dadce864ba6,Lista de Espera
15243013Q,primpozo730@test.com,2026-02-25 10:15,Dermatología,Volante - Derivación Baja,1.0,2e16cc3c-bc43-4ff3-ad64-0f611e0a567e,Confirmada
61065807W,angesast324@test.com,2026-02-25 10:30,Pediatría,Revisión de analíticas,1.0,,Confirmada
71678090Q,enriport779@fakeemail.com,2026-02-25 10:45,Psiquiatría,Volante - Derivación Baja,1.0,3d7612be-bb2a-49b9-9785-36d140601225,Confirmada
71414884E,tomaguio41@fakeemail.com,2026-02-25 11:00,Pediatría,Renovación de medicación,1.0,,Lista de Espera
14793960S,linopere223@test.com,2026-02-25 11:00,Neurología,Volante - Derivación Baja,1.0,a57e3950-ebb2-47f1-9d69-47e4efdc113a,Lista de Espera
88184034X,ceciross98@example.com,2026-02-25 11:00,Oncología,Volante - Derivación Baja,1.0,b69bb7f3-c64b-4caa-8511-26707018141a,Confirmada
61065807W,angesast324@test.com,2026-02-25 11:00,Pediatría,Revisión de analíticas,1.0,,Lista de Espera
45490964T,enriport779@fakeemail.com,2026-02-25 11:15,Psiquiatría,Volante - Derivación Baja,1.0,96fdfc0b-1c06-44c1-8446-5ec030bf18cf,Confirmada
46728006X,cariflor149@test.com,2026-02-25 11:15,Ginecología,Volante - Derivación Alta,3.0,b889d322-982f-447c-a12d-979eaa674b42,Confirmada
81445453S,enriport779@fakeemail.com,2026-02-25 11:30,Psiquiatría,Volante - Derivación Baja,1.0,28dc8029-c38e-43d5-8eb7-3ea898962d1f,Confirmada
60480137G,tereestr837@example.com,2026-02-25 11:30,Traumatología,Volante - Derivación Baja,1.0,367fd9b1-c24c-42c7-95c0-a0848ec870a4,Confirmada
85613037E,enriport779@fakeemail.com,2026-02-25 12:15,Psiquiatría,Volante - Derivación Media,2.0,b2739fbd-098d-4375-8fc3-95270c8af90a,Confirmada
85463086P,linopere223@test.com,2026-02-25 12:15,Neurología,Volante - Derivación Baja,1.0,c63d3010-62f3-4d0e-a7ab-214049ba5a01,Confirmada
02663759Z,enriport779@fakeemail.com,2026-02-25 12:30,Psiquiatría,Volante - Derivación Baja,1.0,54a6599c-383d-4de3-94c3-e6f2accb8576,Confirmada
78688539L,tereestr837@example.com,2026-02-25 12:30,Traumatología,Volante - Derivación Media,2.0,8f977738-8f88-4ab5-ad73-e54e37ad6d96,Confirmada
71678090Q,ceciross98@example.com,2026-02-25 12:30,Oncología,Volante - Derivación Baja,1.0,8cd81458-9827-4ea0-8b01-a2f709582a14,Confirmada
61065807W,angesast324@test.com,2026-02-25 12:30,Pediatría,Revisión de analíticas,1.0,,Confirmada
88184034X,anadel212@fakeemail.com,2026-02-25 13:00,Cardiología,Volante - Derivación Media,2.0,babcf763-8ebe-4ced-b053-e604fc8f0027,Lista de Espera
04094048W,linopere223@test.com,2026-02-25 13:15,Neurología,Volante - Derivación Media,2.0,0f53b0d6-74d2-46d1-a840-368751d014f7,Confirmada
75608512Z,ceciross98@example.com,2026-02-25 13:15,Oncología,Volante - Derivación Baja,1.0,c5597ac7-c299-40b3-9001-f165e9e29ac2,Confirmada
85613037E,tereestr837@example.com,2026-02-25 13:30,Traumatología,Volante - Derivación Media,2.0,be7d49c7-5456-4ae9-95c6-9c693c21e9d3,Lista de Espera
27059250A,linopere223@test.com,2026-02-25 13:45,Neurología,Volante - Derivación Baja,1.0,0592f80a-aaeb-400b-a15a-d3cdbfea33a5,Confirmada
71414884E,tomaguio41@fakeemail.com,2026-02-25 14:00,Pediatría,Renovación de medicación,1.0,,Lista de Espera
53108171K,enriport779@fakeemail.com,2026-02-25 14:00,Psiquiatría,Volante - Derivación Baja,1.0,ff14e2ce-eead-4455-8c5f-e034b4513367,Confirmada
61065807W,primpozo730@test.com,2026-02-25 14:00,Dermatología,Volante - Derivación Baja,1.0,577001ac-0ee4-4cfd-81e6-352d68df07dd,Confirmada
85613037E,angesast324@test.com,2026-02-25 14:00,Pediatría,Consulta General,1.0,,Confirmada
29272085P,linopere223@test.com,2026-02-25 14:15,Neurología,Volante - Derivación Baja,1.0,0c43dd68-79d9-450f-8741-03db98ac3733,Lista de Espera
75608512Z,enriport779@fakeemail.com,2026-02-25 14:30,Psiquiatría,Volante - Derivación Baja,1.0,7cc72393-adfc-486b-8769-5212aac5a605,Lista de Espera
53108171K,narcpeir429@test.com,2026-02-25 15:00,Pediatría,Consulta General,1.0,,Confirmada
53108171K,narcpeir429@test.com,2026-02-25 15:15,Pediatría,Consulta General,1.0,,Lista de Espera
27059250A,marcmari965@test.com,2026-02-25 15:15,Cardiología,Volante - Derivación Alta,3.0,62f0a9fa-f046-42e3-ba02-3886f0d5062d,Confirmada
53108171K,narcpeir429@test.com,2026-02-25 15:30,Pediatría,Revisión de analíticas,1.0,,Confirmada
91496767F,larajime934@test.com,2026-02-25 15:45,Medicina General,Renovación de medicación,1.0,,Confirmada
95385351G,marcmari965@test.com,2026-02-25 15:45,Cardiología,Volante - Derivación Baja,1.0,efbd2117-6584-4222-adb9-a7652f4113f1,Confirmada
64247077G,aitasala693@fakeemail.com,2026-02-25 16:00,Medicina General,Revisión de analíticas,1.0,,Confirmada
53108171K,narcpeir429@test.com,2026-02-25 16:00,Pediatría,Revisión de analíticas,1.0,,Lista de Espera
42935729L,marcmari965@test.com,2026-02-25 16:00,Cardiología,Volante - Derivación Baja,1.0,775016b6-1667-442b-9ecb-63fe15ea0852,Confirmada
72005264S,aguemart303@example.com,2026-02-25 16:00,Medicina General,Renovación de medicación,1.0,,Lista de Espera
26189238N,marcmari965@test.com,2026-02-25 16:15,Cardiología,Volante - Derivación Media,2.0,fde9a329-4b2a-473a-b473-2b00bfb022e3,Confirmada
64485145E,larajime934@test.com,2026-02-25 16:30,Medicina General,Consulta General,1.0,,Lista de Espera
78688539L,marcmari965@test.com,2026-02-25 16:30,Cardiología,Volante - Derivación Alta,3.0,cedf930b-9560-4996-99d2-bf3e5f743b8b,Confirmada
76214236X,cariflor149@test.com,2026-02-25 16:45,Ginecología,Volante - Derivación Baja,1.0,caafc34a-75ff-492b-8045-e5af9ad2854f,Lista de Espera
76214236X,aguemart303@example.com,2026-02-25 17:00,Medicina General,Consulta General,1.0,,Confirmada
72005264S,liliquer145@test.com,2026-02-25 17:15,Oftalmología,Volante - Derivación Media,2.0,ff095f6c-1852-443e-82c9-0a6bf43e1779,Confirmada
03413904Z,cariflor149@test.com,2026-02-25 17:30,Ginecología,Volante - Derivación Baja,1.0,02878492-a449-484a-912d-e456c55b62be,Confirmada
29272085P,larajime934@test.com,2026-02-25 17:30,Medicina General,Consulta General,1.0,,Confirmada
76214236X,aguemart303@example.com,2026-02-25 17:30,Medicina General,Renovación de medicación,1.0,,Lista de Espera
31693038G,cariflor149@test.com,2026-02-25 18:15,Ginecología,Volante - Derivación Baja,1.0,7e9b35c3-d1d9-44f8-84c2-81b1165ed942,Lista de Espera
50704098T,larajime934@test.com,2026-02-25 18:15,Medicina General,Revisión de analíticas,1.0,,Lista de Espera
53108171K,narcpeir429@test.com,2026-02-25 18:30,Pediatría,Renovación de medicación,1.0,,Lista de Espera
17924058C,larajime934@test.com,2026-02-25 18:30,Medicina General,Renovación de medicación,1.0,,Confirmada
29099523S,marcmari965@test.com,2026-02-25 18:30,Cardiología,Volante - Derivación Baja,1.0,7f5cef2f-950c-470c-9b87-76376ae7a73c,Confirmada
91496767F,larajime934@test.com,2026-02-25 18:45,Medicina General,Consulta General,1.0,,Confirmada
17924058C,marcmari965@test.com,2026-02-25 18:45,Cardiología,Volante - Derivación Media,2.0,05d6c78a-1281-4880-9bf3-cb734c4172a1,Confirmada
53108171K,narcpeir429@test.com,2026-02-25 19:00,Pediatría,Renovación de medicación,1.0,,Confirmada
53018179M,larajime934@test.com,2026-02-25 19:00,Medicina General,Revisión de analíticas,1.0,,Confirmada
53108171K,narcpeir429@test.com,2026-02-25 19:15,Pediatría,Consulta General,1.0,,Confirmada
64485145E,larajime934@test.com,2026-02-25 19:30,Medicina General,Renovación de medicación,1.0,,Lista de Espera
88184034X,liliquer145@test.com,2026-02-25 19:30,Oftalmología,Volante - Derivación Baja,1.0,1e0b84d3-813a-4e9e-9399-e35b85c205f5,Confirmada
15243013Q,marcmari965@test.com,2026-02-25 19:45,Cardiología,Volante - Derivación Baja,1.0,79c70b46-0439-4a66-9528-166d028e6dce,Lista de Espera
70516985C,aitasala693@fakeemail.com,2026-02-25 20:00,Medicina General,Consulta General,1.0,,Confirmada
53108171K,narcpeir429@test.com,2026-02-25 20:00,Pediatría,Revisión de analíticas,1.0,,Confirmada
39506922Y,marcmari965@test.com,2026-02-25 20:30,Cardiología,Volante - Derivación Baja,1.0,0e709bb7-198e-4984-8238-95ef1d79e713,Confirmada
73584142N,aguemart303@example.com,2026-02-25 20:30,Medicina General,Consulta General,1.0,,Lista de Espera
53108171K,narcpeir429@test.com,2026-02-25 20:45,Pediatría,Consulta General,1.0,,Lista de Espera
14793960S,larajime934@test.com,2026-02-25 20:45,Medicina General,Revisión de analíticas,1.0,,Lista de Espera
10216925A,fideherr429@example.com,2026-02-26 08:00,Dermatología,Volante - Derivación Alta,3.0,48b427fe-9e2c-47eb-b4c8-03fea8621db1,Lista de Espera
50952260S,juanpabl907@fakeemail.com,2026-02-26 08:00,Oftalmología,Volante - Derivación Baja,1.0,fcbecf6e-7e0e-4a95-9cde-26698ab595f2,Lista de Espera
84111808A,primpozo730@test.com,2026-02-26 08:00,Dermatología,Volante - Derivación Alta,3.0,c3cede39-da4c-4886-96de-318728bfa143,Lista de Espera
19322046E,tereestr837@example.com,2026-02-26 08:30,Traumatología,Volante - Derivación Baja,1.0,c08d8047-2e98-43c0-94fd-c4235efd4004,Lista de Espera
46094107Z,fideherr429@example.com,2026-02-26 08:45,Dermatología,Volante - Derivación Baja,1.0,f816fcca-f950-4084-a41f-b2b1f64575a0,Confirmada
67223002M,ceciross98@example.com,2026-02-26 08:45,Oncología,Volante - Derivación Baja,1.0,8ad6d2f1-efcd-405b-a16f-acf69cbc8240,Confirmada
04094048W,enriport779@fakeemail.com,2026-02-26 09:00,Psiquiatría,Volante - Derivación Baja,1.0,1c53390c-4efa-4ffd-9985-78516b740913,Confirmada
08600140A,cariflor149@test.com,2026-02-26 09:00,Ginecología,Volante - Derivación Baja,1.0,4e4ccd17-a4f2-4b63-af16-07b09638e5dd,Confirmada
02663759Z,angesast324@test.com,2026-02-26 09:00,Pediatría,Renovación de medicación,1.0,,Confirmada
06877156H,enriport779@fakeemail.com,2026-02-26 09:30,Psiquiatría,Volante - Derivación Baja,1.0,c971a97a-2a8c-4560-9eb7-27c53a4f9780,Lista de Espera
91496767F,primpozo730@test.com,2026-02-26 09:30,Dermatología,Volante - Derivación Media,2.0,bc32fb20-764d-40c4-aa66-6ea44dbb7cef,Confirmada
92849730H,enriport779@fakeemail.com,2026-02-26 09:45,Psiquiatría,Volante - Derivación Baja,1.0,e5810ac9-bb3b-470a-8cd9-baa1d0cea031,Confirmada
72005264S,sariteno261@test.com,2026-02-26 10:00,Ortopedia,Volante - Derivación Baja,1.0,d0724b72-614f-468b-864d-4a6206593d8a,Confirmada
45935444M,enriport779@fakeemail.com,2026-02-26 10:30,Psiquiatría,Volante - Derivación Media,2.0,c39d15fa-922b-447f-8b7b-15e926215d2f,Confirmada
72005264S,tereestr837@example.com,2026-02-26 10:30,Traumatología,Volante - Derivación Media,2.0,0dbe161d-6255-4625-91e9-22a7c1b9a205,Confirmada
56510979W,sariteno261@test.com,2026-02-26 11:00,Ortopedia,Volante - Derivación Media,2.0,e7e15e03-9bc5-41d8-a234-1caa24415a2f,Lista de Espera
02663759Z,angesast324@test.com,2026-02-26 11:00,Pediatría,Consulta General,1.0,,Lista de Espera
66074300S,enriport779@fakeemail.com,2026-02-26 11:15,Psiquiatría,Volante - Derivación Alta,3.0,aa34c350-c6b9-4c1d-ad41-1a3b984f7a47,Confirmada
88184034X,tereestr837@example.com,2026-02-26 11:30,Traumatología,Volante - Derivación Baja,1.0,4143b97b-296f-43b6-aec4-9e91a8108d43,Confirmada
11377510P,angesast324@test.com,2026-02-26 11:30,Pediatría,Renovación de medicación,1.0,,Lista de Espera
85463086P,juanpabl907@fakeemail.com,2026-02-26 11:45,Oftalmología,Volante - Derivación Alta,3.0,d4f71aca-abb2-451d-b154-08b12bea2351,Confirmada
08600140A,anadel212@fakeemail.com,2026-02-26 12:00,Cardiología,Volante - Derivación Baja,1.0,9d942100-ff8d-4bad-bc58-f25eca130215,Confirmada
15929838S,tomaguio41@fakeemail.com,2026-02-26 12:00,Pediatría,Renovación de medicación,1.0,,Lista de Espera
17924058C,enriport779@fakeemail.com,2026-02-26 12:30,Psiquiatría,Volante - Derivación Media,2.0,522d6b7d-8f39-4451-8d6e-0341d4c5d9c2,Confirmada
75608512Z,juanpabl907@fakeemail.com,2026-02-26 12:30,Oftalmología,Volante - Derivación Baja,1.0,9c0f97a6-5cda-4aeb-8ae7-deb48ef7b34c,Confirmada
46094107Z,tereestr837@example.com,2026-02-26 12:30,Traumatología,Volante - Derivación Baja,1.0,b95101f1-0eca-4f2e-8d52-46e2586445b3,Confirmada
19322046E,ceciross98@example.com,2026-02-26 12:30,Oncología,Volante - Derivación Media,2.0,dc76accd-2aad-4221-a78a-55abf518ce4c,Lista de Espera
93342722M,anadel212@fakeemail.com,2026-02-26 13:00,Cardiología,Volante - Derivación Baja,1.0,076efb66-837f-4ddf-9528-23c4228c1964,Confirmada
84111808A,tomaguio41@fakeemail.com,2026-02-26 13:00,Pediatría,Renovación de medicación,1.0,,Lista de Espera
02663759Z,angesast324@test.com,2026-02-26 13:00,Pediatría,Revisión de analíticas,1.0,,Confirmada
45533458J,enriport779@fakeemail.com,2026-02-26 13:15,Psiquiatría,Volante - Derivación Baja,1.0,414979a9-d12c-47d6-995c-3e03b684c579,Confirmada
43713302P,ceciross98@example.com,2026-02-26 13:15,Oncología,Volante - Derivación Baja,1.0,a92420c3-e1d6-4147-a011-9fb644111c39,Confirmada
03413904Z,enriport779@fakeemail.com,2026-02-26 13:30,Psiquiatría,Volante - Derivación Alta,3.0,99143ae3-ec72-49b3-950c-9ffb1e3b78be,Lista de Espera
54696743Y,fideherr429@example.com,2026-02-26 14:00,Dermatología,Volante - Derivación Baja,1.0,e4cf3d71-a4af-4ca7-93d2-8de347bde712,Confirmada
67667924S,primpozo730@test.com,2026-02-26 14:00,Dermatología,Volante - Derivación Media,2.0,65d2ac6a-6609-4bc7-8676-e7af5e45b2aa,Confirmada
26189238N,enriport779@fakeemail.com,2026-02-26 14:15,Psiquiatría,Volante - Derivación Alta,3.0,d58e8148-30f8-4e8f-84f6-add652d9a353,Confirmada
96232651F,enriport779@fakeemail.com,2026-02-26 14:30,Psiquiatría,Volante - Derivación Alta,3.0,0e668bc2-783f-4f6f-ae40-b44c823f4fda,Confirmada
03496609B,tereestr837@example.com,2026-02-26 14:30,Traumatología,Volante - Derivación Baja,1.0,f35cf238-61bb-41f2-85ba-b790052f3e07,Confirmada
48252795Z,angesast324@test.com,2026-02-26 14:30,Pediatría,Revisión de analíticas,1.0,,Confirmada
39506922Y,aitasala693@fakeemail.com,2026-02-26 15:00,Medicina General,Consulta General,1.0,,Confirmada
66309288N,larajime934@test.com,2026-02-26 15:15,Medicina General,Revisión de analíticas,1.0,,Confirmada
64485145E,larajime934@test.com,2026-02-26 15:30,Medicina General,Renovación de medicación,1.0,,Confirmada
53108171K,narcpeir429@test.com,2026-02-26 15:45,Pediatría,Consulta General,1.0,,Confirmada
85613037E,cariflor149@test.com,2026-02-26 16:00,Ginecología,Volante - Derivación Baja,1.0,bff3689a-79d9-4809-8416-a1b3776dfa6d,Confirmada
77299811P,larajime934@test.com,2026-02-26 16:00,Medicina General,Renovación de medicación,1.0,,Lista de Espera
14793960S,larajime934@test.com,2026-02-26 16:30,Medicina General,Consulta General,1.0,,Confirmada
67223002M,cariflor149@test.com,2026-02-26 16:45,Ginecología,Volante - Derivación Baja,1.0,8d7d269a-96cf-45e3-8ae1-1c7101ab9913,Confirmada
06877156H,larajime934@test.com,2026-02-26 17:00,Medicina General,Renovación de medicación,1.0,,Lista de Espera
10216925A,aguemart303@example.com,2026-02-26 17:00,Medicina General,Revisión de analíticas,1.0,,Confirmada
53108171K,narcpeir429@test.com,2026-02-26 17:15,Pediatría,Consulta General,1.0,,Lista de Espera
05916827P,cariflor149@test.com,2026-02-26 17:30,Ginecología,Volante - Derivación Baja,1.0,e8428e7b-0e75-4293-ba9b-b8ae9a4f1697,Lista de Espera
97157445V,aguemart303@example.com,2026-02-26 17:30,Medicina General,Renovación de medicación,1.0,,Confirmada
53108171K,narcpeir429@test.com,2026-02-26 17:45,Pediatría,Renovación de medicación,1.0,,Confirmada
36032758S,larajime934@test.com,2026-02-26 17:45,Medicina General,Revisión de analíticas,1.0,,Lista de Espera
03413904Z,larajime934@test.com,2026-02-26 18:00,Medicina General,Renovación de medicación,1.0,,Lista de Espera
53108171K,narcpeir429@test.com,2026-02-26 18:15,Pediatría,Revisión de analíticas,1.0,,Confirmada
71678090Q,aguemart303@example.com,2026-02-26 18:30,Medicina General,Revisión de analíticas,1.0,,Lista de Espera
53108171K,narcpeir429@test.com,2026-02-26 18:45,Pediatría,Revisión de analíticas,1.0,,Confirmada
53108171K,narcpeir429@test.com,2026-02-26 19:00,Pediatría,Renovación de medicación,1.0,,Lista de Espera
04094048W,aguemart303@example.com,2026-02-26 19:00,Medicina General,Renovación de medicación,1.0,,Confirmada
53108171K,narcpeir429@test.com,2026-02-26 19:30,Pediatría,Revisión de analíticas,1.0,,Lista de Espera
93342722M,larajime934@test.com,2026-02-26 19:45,Medicina General,Revisión de analíticas,1.0,,Lista de Espera
89193970Q,aitasala693@fakeemail.com,2026-02-26 20:00,Medicina General,Revisión de analíticas,1.0,,Confirmada
53108171K,narcpeir429@test.com,2026-02-26 20:00,Pediatría,Revisión de analíticas,1.0,,Confirmada
89850390Q,larajime934@test.com,2026-02-26 20:00,Medicina General,Consulta General,1.0,,Confirmada
53108171K,narcpeir429@test.com,2026-02-26 20:45,Pediatría,Renovación de medicación,1.0,,Confirmada
62664196Y,tomaguio41@fakeemail.com,2026-02-27 08:00,Pediatría,Consulta General,1.0,,Confirmada
15929838S,ceciross98@example.com,2026-02-27 08:00,Oncología,Volante - Derivación Baja,1.0,f9bb4e59-9700-4afa-a611-1ce44ee70e8a,Lista de Espera
25483108M,tereestr837@example.com,2026-02-27 08:30,Traumatología,Volante - Derivación Media,2.0,4740d78c-358a-4c99-889b-4798aaafc54c,Confirmada
46094107Z,juanpabl907@fakeemail.com,2026-02-27 08:45,Oftalmología,Volante - Derivación Media,2.0,7e4b4c0f-5048-4cce-8d2c-3031685f84e1,Confirmada
15243013Q,anadel212@fakeemail.com,2026-02-27 09:00,Cardiología,Volante - Derivación Baja,1.0,34397f9d-8be2-496a-9f0b-d82775cd4c9c,Confirmada
78688539L,cariflor149@test.com,2026-02-27 09:00,Ginecología,Volante - Derivación Baja,1.0,8fbe7d98-ef85-41d3-908c-c0f1bada9b88,Lista de Espera
03496609B,angesast324@test.com,2026-02-27 09:30,Pediatría,Renovación de medicación,1.0,,Confirmada
39506922Y,sariteno261@test.com,2026-02-27 10:00,Ortopedia,Volante - Derivación Alta,3.0,b3dfcffd-a6b0-4a00-a7f6-e84af96422fb,Lista de Espera
43713302P,tereestr837@example.com,2026-02-27 10:00,Traumatología,Volante - Derivación Baja,1.0,956f74a4-1870-4152-924b-f2cef6744a8e,Confirmada
15243013Q,angesast324@test.com,2026-02-27 10:00,Pediatría,Renovación de medicación,1.0,,Confirmada
53504438K,fideherr429@example.com,2026-02-27 10:15,Dermatología,Volante - Derivación Baja,1.0,487206c5-c78b-48c9-bbd2-dc29a44ee42b,Lista de Espera
76214236X,tereestr837@example.com,2026-02-27 10:30,Traumatología,Volante - Derivación Baja,1.0,f257dd8b-ff85-4070-b775-e9ac2f9db3ad,Lista de Espera
51445312Q,anadel212@fakeemail.com,2026-02-27 11:00,Cardiología,Volante - Derivación Media,2.0,1b7bfbdc-401e-4b40-9920-9d8a782f406a,Confirmada
62664196Y,fideherr429@example.com,2026-02-27 11:00,Dermatología,Volante - Derivación Baja,1.0,ecaad09b-6192-4c6d-8965-70c14079ceea,Confirmada
75608512Z,tomaguio41@fakeemail.com,2026-02-27 11:00,Pediatría,Consulta General,1.0,,Confirmada
05916827P,juanpabl907@fakeemail.com,2026-02-27 11:00,Oftalmología,Volante - Derivación Baja,1.0,96b8ece7-c6db-4db1-8d85-90622addebc0,Confirmada
70516985C,primpozo730@test.com,2026-02-27 11:00,Dermatología,Volante - Derivación Alta,3.0,634c5c48-8d2c-4df4-993d-72a17b6b94e0,Confirmada
48252795Z,angesast324@test.com,2026-02-27 11:00,Pediatría,Consulta General,1.0,,Confirmada
56510979W,cariflor149@test.com,2026-02-27 11:15,Ginecología,Volante - Derivación Baja,1.0,df5570a2-9099-42cd-84df-a42c84be534e,Confirmada
46728006X,juanpabl907@fakeemail.com,2026-02-27 11:45,Oftalmología,Volante - Derivación Baja,1.0,bb461127-600e-42cd-982b-d73f47e29877,Confirmada
53504438K,ceciross98@example.com,2026-02-27 11:45,Oncología,Volante - Derivación Baja,1.0,546db987-14b9-43da-a77f-5019cc7063e2,Confirmada
96232651F,angesast324@test.com,2026-02-27 12:00,Pediatría,Revisión de analíticas,1.0,,Confirmada
72005264S,fideherr429@example.com,2026-02-27 12:30,Dermatología,Volante - Derivación Media,2.0,652dffa1-e2ab-42cf-b143-4b9855d2c01b,Confirmada
76214236X,tereestr837@example.com,2026-02-27 12:30,Traumatología,Volante - Derivación Media,2.0,5518fd64-c6f4-437e-811f-2f6862dddc28,Confirmada
05916827P,primpozo730@test.com,2026-02-27 12:30,Dermatología,Volante - Derivación Alta,3.0,4c61d507-ba46-44f0-a61b-29e05052d4b9,Confirmada
22215088D,angesast324@test.com,2026-02-27 12:30,Pediatría,Consulta General,1.0,,Confirmada
68827354S,sariteno261@test.com,2026-02-27 13:00,Ortopedia,Volante - Derivación Baja,1.0,2487cf9b-8b73-471f-9ad5-be2b5caafcd2,Confirmada
29099523S,ceciross98@example.com,2026-02-27 13:15,Oncología,Volante - Derivación Baja,1.0,302ec7a1-3a7a-4c08-b7bf-de07093d3389,Confirmada
71414884E,tereestr837@example.com,2026-02-27 14:30,Traumatología,Volante - Derivación Baja,1.0,ea9277a7-403b-49cb-b06e-fb2ea50e2f6e,Confirmada
45490964T,aguemart303@example.com,2026-02-27 15:00,Medicina General,Revisión de analíticas,1.0,,Lista de Espera
53108171K,narcpeir429@test.com,2026-02-27 15:15,Pediatría,Revisión de analíticas,1.0,,Confirmada
73584142N,aguemart303@example.com,2026-02-27 15:30,Medicina General,Renovación de medicación,1.0,,Confirmada
62664196Y,cariflor149@test.com,2026-02-27 16:00,Ginecología,Volante - Derivación Media,2.0,54a15bcf-7a32-480b-a90a-b1547f955b63,Confirmada
45533458J,aitasala693@fakeemail.com,2026-02-27 16:00,Medicina General,Renovación de medicación,1.0,,Confirmada
53108171K,narcpeir429@test.com,2026-02-27 16:15,Pediatría,Revisión de analíticas,1.0,,Lista de Espera
53108171K,narcpeir429@test.com,2026-02-27 16:30,Pediatría,Consulta General,1.0,,Confirmada
84580564L,cariflor149@test.com,2026-02-27 16:45,Ginecología,Volante - Derivación Baja,1.0,5110cd8b-a964-44fd-acd0-1afe94cad60f,Lista de Espera
53108171K,narcpeir429@test.com,2026-02-27 17:00,Pediatría,Revisión de analíticas,1.0,,Lista de Espera
72005264S,marcmari965@test.com,2026-02-27 17:00,Cardiología,Volante - Derivación Media,2.0,f00cb700-dc34-46b2-a517-4b5471666f30,Confirmada
53108171K,narcpeir429@test.com,2026-02-27 17:15,Pediatría,Renovación de medicación,1.0,,Confirmada
46728006X,aguemart303@example.com,2026-02-27 19:00,Medicina General,Renovación de medicación,1.0,,Confirmada
53108171K,narcpeir429@test.com,2026-02-27 19:15,Pediatría,Consulta General,1.0,,Confirmada
53108171K,narcpeir429@test.com,2026-02-27 19:30,Pediatría,Renovación de medicación,1.0,,Lista de Espera
32113754G,aitasala693@fakeemail.com,2026-02-27 20:00,Medicina General,Consulta General,1.0,,Lista de Espera
53108171K,narcpeir429@test.com,2026-02-27 20:30,Pediatría,Renovación de medicación,1.0,,Lista de Espera
86907522K,aguemart303@example.com,2026-02-27 20:30,Medicina General,Renovación de medicación,1.0,,Lista de Espera
53108171K,narcpeir429@test.com,2026-02-27 20:45,Pediatría,Consulta General,1.0,,Lista de Espera
45533458J,tereestr837@example.com,2026-03-02 08:00,Traumatología,Volante - Derivación Media,2.0,1e87b26e-0a4f-460f-a2d3-e774cfbdac46,Confirmada
47645559R,fideherr429@example.com,2026-03-02 08:45,Dermatología,Volante - Derivación Alta,3.0,7469ceae-eca4-4f9a-ab9c-8e890c4b91c4,Confirmada
71414884E,tomaguio41@fakeemail.com,2026-03-02 09:00,Pediatría,Revisión de analíticas,1.0,,Confirmada
15929838S,cariflor149@test.com,2026-03-02 09:00,Ginecología,Volante - Derivación Baja,1.0,ae3426a9-fa1a-4282-b434-d8172958623e,Lista de Espera
88083451Y,tereestr837@example.com,2026-03-02 09:00,Traumatología,Volante - Derivación Baja,1.0,e637c570-2763-4795-9416-34ca9d7a29b2,Confirmada
92849730H,tereestr837@example.com,2026-03-02 09:30,Traumatología,Volante - Derivación Baja,1.0,854eef3f-2090-4b0e-a51a-8e8afeeeebe6,Confirmada
85463086P,anadel212@fakeemail.com,2026-03-02 10:00,Cardiología,Volante - Derivación Baja,1.0,22a1b0a1-613f-4ca4-9e30-28e08d1a6dbd,Confirmada
36032758S,sariteno261@test.com,2026-03-02 11:00,Ortopedia,Volante - Derivación Baja,1.0,36a98532-2c6d-4dfb-b979-68bf76686b0f,Confirmada
90541251A,tereestr837@example.com,2026-03-02 11:00,Traumatología,Volante - Derivación Alta,3.0,a98fdc40-0207-4d5d-94d7-d423cce1ba1b,Confirmada
14793960S,ceciross98@example.com,2026-03-02 11:00,Oncología,Volante - Derivación Baja,1.0,68bfd468-85dc-4384-bce7-29360a98e594,Lista de Espera
67667924S,fideherr429@example.com,2026-03-02 11:45,Dermatología,Volante - Derivación Baja,1.0,dca3ff68-b642-49c4-92d0-b4f1307ce4aa,Confirmada
91496767F,anadel212@fakeemail.com,2026-03-02 12:00,Cardiología,Volante - Derivación Baja,1.0,15a0d786-c250-48e4-b681-2540ec44a2ab,Confirmada
06877156H,cariflor149@test.com,2026-03-02 12:00,Ginecología,Volante - Derivación Baja,1.0,66e8bd51-8db0-41a6-b860-9dc9dcc9cdce,Lista de Espera
06877156H,tereestr837@example.com,2026-03-02 12:00,Traumatología,Volante - Derivación Baja,1.0,03ad9f42-57a6-4277-bc8d-014c3386d8c2,Confirmada
83271440D,ceciross98@example.com,2026-03-02 12:30,Oncología,Volante - Derivación Baja,1.0,89af0927-8c68-45cc-a732-446d5e4e992e,Confirmada
67223002M,fideherr429@example.com,2026-03-02 13:15,Dermatología,Volante - Derivación Baja,1.0,f037578d-3d4d-4f41-92af-b5b81f313edf,Lista de Espera
95633207N,ceciross98@example.com,2026-03-02 13:15,Oncología,Volante - Derivación Baja,1.0,86e85ac3-491e-4ce6-af3c-286b74d6f81a,Lista de Espera
15929838S,tomaguio41@fakeemail.com,2026-03-02 14:00,Pediatría,Revisión de analíticas,1.0,,Confirmada
54771485K,sariteno261@test.com,2026-03-02 14:00,Ortopedia,Volante - Derivación Baja,1.0,6e040c21-378c-4bb5-9c06-d8188632674e,Confirmada
47645559R,aguemart303@example.com,2026-03-02 15:00,Medicina General,Consulta General,1.0,,Confirmada
64485145E,larajime934@test.com,2026-03-02 15:45,Medicina General,Renovación de medicación,1.0,,Confirmada
68827354S,larajime934@test.com,2026-03-02 16:15,Medicina General,Revisión de analíticas,1.0,,Confirmada
67223002M,larajime934@test.com,2026-03-02 16:30,Medicina General,Renovación de medicación,1.0,,Confirmada
37884463J,cariflor149@test.com,2026-03-02 17:30,Ginecología,Volante - Derivación Baja,1.0,63403613-10a7-46ba-8efc-e7e5ed4ff48a,Lista de Espera
44354450P,aitasala693@fakeemail.com,2026-03-02 18:00,Medicina General,Consulta General,1.0,,Confirmada
45490964T,aguemart303@example.com,2026-03-02 18:00,Medicina General,Revisión de analíticas,1.0,,Lista de Espera
85613037E,cariflor149@test.com,2026-03-02 18:15,Ginecología,Volante - Derivación Media,2.0,674ec10d-f39a-42de-9d74-009165bf4677,Confirmada
05916827P,larajime934@test.com,2026-03-02 18:45,Medicina General,Consulta General,1.0,,Confirmada
70373989S,aitasala693@fakeemail.com,2026-03-02 19:00,Medicina General,Consulta General,1.0,,Confirmada
66309288N,larajime934@test.com,2026-03-02 19:00,Medicina General,Consulta General,1.0,,Lista de Espera
17924058C,larajime934@test.com,2026-03-02 19:15,Medicina General,Consulta General,1.0,,Confirmada
21473429P,aguemart303@example.com,2026-03-02 19:30,Medicina General,Renovación de medicación,1.0,,Lista de Espera
51445312Q,aguemart303@example.com,2026-03-02 20:00,Medicina General,Renovación de medicación,1.0,,Lista de Espera
06877156H,larajime934@test.com,2026-03-02 20:15,Medicina General,Consulta General,1.0,,Confirmada
17924058C,larajime934@test.com,2026-03-02 20:30,Medicina General,Revisión de analíticas,1.0,,Confirmada
29272085P,larajime934@test.com,2026-03-02 20:45,Medicina General,Consulta General,1.0,,Lista de Espera
39506922Y,anadel212@fakeemail.com,2026-03-03 08:00,Cardiología,Volante - Derivación Baja,1.0,beb673b1-9e4a-4f66-8069-14d49dc7e121,Lista de Espera
27059250A,fideherr429@example.com,2026-03-03 08:00,Dermatología,Volante - Derivación Baja,1.0,e6bfcd05-29dc-402f-a18a-e92b47ce8789,Confirmada
54771485K,tomaguio41@fakeemail.com,2026-03-03 08:00,Pediatría,Consulta General,1.0,,Lista de Espera
67667924S,juanpabl907@fakeemail.com,2026-03-03 08:00,Oftalmología,Volante - Derivación Baja,1.0,b050303b-34a8-44bf-ae5f-f26c7d1d86fc,Lista de Espera
72713180Z,ceciross98@example.com,2026-03-03 08:00,Oncología,Volante - Derivación Alta,3.0,23b8660f-6b5d-4150-ac59-34194a3e0c75,Confirmada
26189238N,tereestr837@example.com,2026-03-03 08:30,Traumatología,Volante - Derivación Baja,1.0,5b2e730c-7d21-4112-a080-1f2587b9297d,Confirmada
56510979W,angesast324@test.com,2026-03-03 08:30,Pediatría,Consulta General,1.0,,Confirmada
15929838S,tomaguio41@fakeemail.com,2026-03-03 09:00,Pediatría,Renovación de medicación,1.0,,Lista de Espera
56510979W,angesast324@test.com,2026-03-03 09:00,Pediatría,Consulta General,1.0,,Lista de Espera
95385351G,sariteno261@test.com,2026-03-03 10:00,Ortopedia,Volante - Derivación Media,2.0,3c0a0099-9419-4e77-9a45-4e371a1cebf8,Confirmada
88184034X,tereestr837@example.com,2026-03-03 10:30,Traumatología,Volante - Derivación Alta,3.0,d051255a-2a81-4d48-bef7-3c702a72bffa,Lista de Espera
45490964T,fideherr429@example.com,2026-03-03 11:00,Dermatología,Volante - Derivación Baja,1.0,5577eac6-c5c2-4821-aeb3-0296bcf58df1,Lista de Espera
14064928Z,juanpabl907@fakeemail.com,2026-03-03 11:00,Oftalmología,Volante - Derivación Baja,1.0,7e4c0777-a613-4743-94fa-e33fa54ee8ee,Lista de Espera
96232651F,angesast324@test.com,2026-03-03 11:00,Pediatría,Consulta General,1.0,,Confirmada
06877156H,tereestr837@example.com,2026-03-03 11:30,Traumatología,Volante - Derivación Baja,1.0,0afaf39a-4a1e-47e9-8312-66c6cc1d1ee5,Confirmada
35137729P,juanpabl907@fakeemail.com,2026-03-03 11:45,Oftalmología,Volante - Derivación Baja,1.0,16a73cae-dea4-4d8d-89fa-b7644e9b5ab5,Confirmada
31503513E,ceciross98@example.com,2026-03-03 12:30,Oncología,Volante - Derivación Media,2.0,6480cef7-7ba5-4288-a272-e2d313f6cf3f,Lista de Espera
26189238N,anadel212@fakeemail.com,2026-03-03 13:00,Cardiología,Volante - Derivación Media,2.0,133eaee3-17ec-4862-a4c9-ebefcefa2fb6,Confirmada
21473429P,sariteno261@test.com,2026-03-03 13:00,Ortopedia,Volante - Derivación Alta,3.0,c01e0d22-237b-449b-928c-8a03024b5bd8,Confirmada
88083451Y,fideherr429@example.com,2026-03-03 13:15,Dermatología,Volante - Derivación Baja,1.0,243ca1f6-3dca-4b59-856f-efada983d6ee,Confirmada
66309288N,tereestr837@example.com,2026-03-03 13:30,Traumatología,Volante - Derivación Baja,1.0,77e3b797-41e6-45d7-8083-ee686bd12ae5,Confirmada
56510979W,angesast324@test.com,2026-03-03 13:30,Pediatría,Renovación de medicación,1.0,,Confirmada
46728006X,tereestr837@example.com,2026-03-03 14:00,Traumatología,Volante - Derivación Baja,1.0,c42be387-145c-4f43-a4f2-0d438ac30ced,Confirmada
62664196Y,ceciross98@example.com,2026-03-03 14:00,Oncología,Volante - Derivación Baja,1.0,1f1d69fb-3100-4c32-814e-df344b460cb7,Confirmada
03496609B,angesast324@test.com,2026-03-03 14:30,Pediatría,Renovación de medicación,1.0,,Confirmada
53108171K,narcpeir429@test.com,2026-03-03 15:00,Pediatría,Consulta General,1.0,,Confirmada
71678090Q,aguemart303@example.com,2026-03-03 15:00,Medicina General,Revisión de analíticas,1.0,,Confirmada
77299811P,larajime934@test.com,2026-03-03 15:30,Medicina General,Revisión de analíticas,1.0,,Confirmada
50704098T,larajime934@test.com,2026-03-03 15:45,Medicina General,Revisión de analíticas,1.0,,Confirmada
53108171K,narcpeir429@test.com,2026-03-03 16:00,Pediatría,Renovación de medicación,1.0,,Confirmada
53108171K,narcpeir429@test.com,2026-03-03 16:30,Pediatría,Consulta General,1.0,,Lista de Espera
50704098T,larajime934@test.com,2026-03-03 16:30,Medicina General,Revisión de analíticas,1.0,,Lista de Espera
33229784M,aguemart303@example.com,2026-03-03 16:30,Medicina General,Revisión de analíticas,1.0,,Lista de Espera
36032758S,larajime934@test.com,2026-03-03 16:45,Medicina General,Revisión de analíticas,1.0,,Confirmada
53108171K,narcpeir429@test.com,2026-03-03 17:00,Pediatría,Renovación de medicación,1.0,,Confirmada
51445312Q,aguemart303@example.com,2026-03-03 17:00,Medicina General,Renovación de medicación,1.0,,Confirmada
95385351G,larajime934@test.com,2026-03-03 17:30,Medicina General,Revisión de analíticas,1.0,,Lista de Espera
53108171K,narcpeir429@test.com,2026-03-03 17:45,Pediatría,Consulta General,1.0,,Lista de Espera
03413904Z,larajime934@test.com,2026-03-03 18:00,Medicina General,Revisión de analíticas,1.0,,Confirmada
53108171K,narcpeir429@test.com,2026-03-03 18:45,Pediatría,Renovación de medicación,1.0,,Confirmada
64485145E,larajime934@test.com,2026-03-03 18:45,Medicina General,Renovación de medicación,1.0,,Lista de Espera
27059250A,aguemart303@example.com,2026-03-03 19:00,Medicina General,Revisión de analíticas,1.0,,Lista de Espera
53108171K,narcpeir429@test.com,2026-03-03 19:45,Pediatría,Consulta General,1.0,,Confirmada
53108171K,narcpeir429@test.com,2026-03-03 20:00,Pediatría,Renovación de medicación,1.0,,Confirmada
53108171K,narcpeir429@test.com,2026-03-03 20:15,Pediatría,Consulta General,1.0,,Lista de Espera
26189238N,larajime934@test.com,2026-03-03 20:30,Medicina General,Revisión de analíticas,1.0,,Confirmada
91496767F,larajime934@test.com,2026-03-03 20:45,Medicina General,Consulta General,1.0,,Lista de Espera
92849730H,fideherr429@example.com,2026-03-04 08:00,Dermatología,Volante - Derivación Baja,1.0,fad55a00-2628-496a-8551-a11d6ac5b791,Confirmada
70373989S,tereestr837@example.com,2026-03-04 08:30,Traumatología,Volante - Derivación Baja,1.0,477a0dcf-a098-4294-8283-d6138f94b133,Confirmada
53504438K,juanpabl907@fakeemail.com,2026-03-04 08:45,Oftalmología,Volante - Derivación Baja,1.0,cf434c1b-9cbe-4e56-a55b-89e7d3fbc900,Confirmada
67667924S,fideherr429@example.com,2026-03-04 09:30,Dermatología,Volante - Derivación Baja,1.0,577de0b2-5e18-4171-9b8a-811ec768530b,Confirmada
85613037E,ceciross98@example.com,2026-03-04 09:30,Oncología,Volante - Derivación Baja,1.0,2d42c768-7530-4044-89f2-634914145ff6,Confirmada
02663759Z,angesast324@test.com,2026-03-04 10:30,Pediatría,Revisión de analíticas,1.0,,Confirmada
61065807W,tereestr837@example.com,2026-03-04 11:30,Traumatología,Volante - Derivación Baja,1.0,51761a1f-8976-4233-82be-ec678f560a98,Confirmada
51445312Q,anadel212@fakeemail.com,2026-03-04 12:00,Cardiología,Volante - Derivación Baja,1.0,41a7aaa8-aed2-45cf-a275-76d6018ca81c,Confirmada
54771485K,tomaguio41@fakeemail.com,2026-03-04 12:00,Pediatría,Renovación de medicación,1.0,,Confirmada
96232651F,angesast324@test.com,2026-03-04 12:00,Pediatría,Consulta General,1.0,,Lista de Espera
81445453S,fideherr429@example.com,2026-03-04 12:30,Dermatología,Volante - Derivación Alta,3.0,39f8bc57-33fa-40e8-9c3a-63376b0dd569,Confirmada
46094107Z,tereestr837@example.com,2026-03-04 12:30,Traumatología,Volante - Derivación Baja,1.0,3b9e5da3-4277-4d9e-94a6-9684f3dbb35b,Confirmada
15243013Q,angesast324@test.com,2026-03-04 12:30,Pediatría,Renovación de medicación,1.0,,Confirmada
67667924S,sariteno261@test.com,2026-03-04 13:00,Ortopedia,Volante - Derivación Baja,1.0,f2f82632-0000-4b56-9b05-5e2296f0d72c,Confirmada
02663759Z,angesast324@test.com,2026-03-04 13:00,Pediatría,Consulta General,1.0,,Lista de Espera
88184034X,juanpabl907@fakeemail.com,2026-03-04 13:15,Oftalmología,Volante - Derivación Baja,1.0,530b8f89-c443-48da-9351-872ce031cf62,Lista de Espera
46728006X,ceciross98@example.com,2026-03-04 13:15,Oncología,Volante - Derivación Baja,1.0,2c272af9-4048-494d-b710-db40133027b3,Confirmada
50676404K,anadel212@fakeemail.com,2026-03-04 14:00,Cardiología,Volante - Derivación Media,2.0,96cf10da-30c2-46bf-988b-14cf83ad85ad,Confirmada
62664196Y,tomaguio41@fakeemail.com,2026-03-04 14:00,Pediatría,Revisión de analíticas,1.0,,Lista de Espera
85463086P,juanpabl907@fakeemail.com,2026-03-04 14:00,Oftalmología,Volante - Derivación Baja,1.0,3e27aaf7-b714-4383-ac67-2cd559831063,Lista de Espera
84580564L,sariteno261@test.com,2026-03-04 14:00,Ortopedia,Volante - Derivación Baja,1.0,6cff0553-1844-451a-afa3-1105fe0f0f11,Lista de Espera
64485145E,tereestr837@example.com,2026-03-04 14:00,Traumatología,Volante - Derivación Baja,1.0,4594b830-57ca-4de7-b258-43ed6e7538c1,Confirmada
10216925A,ceciross98@example.com,2026-03-04 14:00,Oncología,Volante - Derivación Alta,3.0,9ee39a11-2872-4f4d-bb9a-0c4c656289a6,Confirmada
02663759Z,angesast324@test.com,2026-03-04 14:00,Pediatría,Renovación de medicación,1.0,,Confirmada
66309288N,larajime934@test.com,2026-03-04 15:00,Medicina General,Revisión de analíticas,1.0,,Confirmada
05916827P,larajime934@test.com,2026-03-04 15:30,Medicina General,Consulta General,1.0,,Confirmada
46728006X,aguemart303@example.com,2026-03-04 15:30,Medicina General,Renovación de medicación,1.0,,Lista de Espera
53108171K,narcpeir429@test.com,2026-03-04 15:45,Pediatría,Renovación de medicación,1.0,,Lista de Espera
77299811P,larajime934@test.com,2026-03-04 15:45,Medicina General,Renovación de medicación,1.0,,Confirmada
71678090Q,aguemart303@example.com,2026-03-04 16:00,Medicina General,Consulta General,1.0,,Confirmada
53108171K,narcpeir429@test.com,2026-03-04 16:45,Pediatría,Consulta General,1.0,,Lista de Espera
88184034X,larajime934@test.com,2026-03-04 16:45,Medicina General,Revisión de analíticas,1.0,,Confirmada
53780937Z,aitasala693@fakeemail.com,2026-03-04 17:00,Medicina General,Consulta General,1.0,,Confirmada
14793960S,larajime934@test.com,2026-03-04 17:30,Medicina General,Consulta General,1.0,,Confirmada
53108171K,narcpeir429@test.com,2026-03-04 17:45,Pediatría,Revisión de analíticas,1.0,,Confirmada
64485145E,larajime934@test.com,2026-03-04 17:45,Medicina General,Revisión de analíticas,1.0,,Confirmada
53108171K,narcpeir429@test.com,2026-03-04 18:00,Pediatría,Revisión de analíticas,1.0,,Confirmada
37884463J,larajime934@test.com,2026-03-04 18:00,Medicina General,Revisión de analíticas,1.0,,Confirmada
21473429P,aguemart303@example.com,2026-03-04 18:00,Medicina General,Renovación de medicación,1.0,,Confirmada
53108171K,narcpeir429@test.com,2026-03-04 18:30,Pediatría,Renovación de medicación,1.0,,Lista de Espera
26189238N,larajime934@test.com,2026-03-04 18:30,Medicina General,Renovación de medicación,1.0,,Confirmada
84580564L,aguemart303@example.com,2026-03-04 18:30,Medicina General,Revisión de analíticas,1.0,,Lista de Espera
53108171K,narcpeir429@test.com,2026-03-04 18:45,Pediatría,Revisión de analíticas,1.0,,Confirmada
53108171K,narcpeir429@test.com,2026-03-04 19:00,Pediatría,Renovación de medicación,1.0,,Lista de Espera
64485145E,larajime934@test.com,2026-03-04 19:15,Medicina General,Renovación de medicación,1.0,,Confirmada
53780937Z,aitasala693@fakeemail.com,2026-03-04 20:00,Medicina General,Revisión de analíticas,1.0,,Lista de Espera
53108171K,narcpeir429@test.com,2026-03-04 20:00,Pediatría,Consulta General,1.0,,Confirmada
53108171K,narcpeir429@test.com,2026-03-04 20:45,Pediatría,Revisión de analíticas,1.0,,Lista de Espera
71414884E,tomaguio41@fakeemail.com,2026-03-05 09:00,Pediatría,Consulta General,1.0,,Confirmada
85463086P,cariflor149@test.com,2026-03-05 09:00,Ginecología,Volante - Derivación Baja,1.0,95d2cb67-9e77-4a25-a862-64112930e9d3,Confirmada
15191143B,sariteno261@test.com,2026-03-05 09:00,Ortopedia,Volante - Derivación Baja,1.0,0bd765a4-8863-4f98-8a9e-c3f11e96d969,Confirmada
72713180Z,ceciross98@example.com,2026-03-05 09:30,Oncología,Volante - Derivación Baja,1.0,d764799d-18c3-4c2b-adf4-4082638b1203,Lista de Espera
27059250A,cariflor149@test.com,2026-03-05 09:45,Ginecología,Volante - Derivación Media,2.0,7dabd951-dd04-4468-b608-8bc0eabd8b69,Confirmada
48252795Z,juanpabl907@fakeemail.com,2026-03-05 10:15,Oftalmología,Volante - Derivación Media,2.0,d9a42cbd-eb67-4815-8159-86fcd3b053a4,Confirmada
48252795Z,cariflor149@test.com,2026-03-05 10:30,Ginecología,Volante - Derivación Baja,1.0,2eb08abe-b15d-485a-95b7-0e79145688dd,Lista de Espera
71414884E,tomaguio41@fakeemail.com,2026-03-05 11:00,Pediatría,Consulta General,1.0,,Confirmada
25489931C,juanpabl907@fakeemail.com,2026-03-05 11:00,Oftalmología,Volante - Derivación Baja,1.0,cdf83668-ae4e-4579-815b-8c3270407754,Lista de Espera
60480137G,sariteno261@test.com,2026-03-05 12:00,Ortopedia,Volante - Derivación Baja,1.0,0679463a-c523-419a-89c6-483b910de62c,Confirmada
62664196Y,ceciross98@example.com,2026-03-05 12:30,Oncología,Volante - Derivación Baja,1.0,7726c0f4-d668-48bb-9048-56e0c78a790b,Confirmada
57315868Y,juanpabl907@fakeemail.com,2026-03-05 13:15,Oftalmología,Volante - Derivación Baja,1.0,ae123e67-a36c-4cae-a3d0-a199bf0fa042,Confirmada
54771485K,ceciross98@example.com,2026-03-05 13:15,Oncología,Volante - Derivación Baja,1.0,2fad0d0e-33a4-4d10-a60e-2828ac7b4580,Confirmada
91496767F,larajime934@test.com,2026-03-05 15:30,Medicina General,Revisión de analíticas,1.0,,Confirmada
32335435B,cariflor149@test.com,2026-03-05 16:00,Ginecología,Volante - Derivación Baja,1.0,c3093b54-94ba-4087-b4d5-9233d7277e66,Lista de Espera
53108171K,narcpeir429@test.com,2026-03-05 16:15,Pediatría,Consulta General,1.0,,Confirmada
53108171K,narcpeir429@test.com,2026-03-05 16:30,Pediatría,Consulta General,1.0,,Confirmada
14793960S,larajime934@test.com,2026-03-05 16:30,Medicina General,Renovación de medicación,1.0,,Confirmada
95385351G,larajime934@test.com,2026-03-05 16:45,Medicina General,Revisión de analíticas,1.0,,Confirmada
64247077G,aitasala693@fakeemail.com,2026-03-05 17:00,Medicina General,Renovación de medicación,1.0,,Lista de Espera
60480137G,larajime934@test.com,2026-03-05 17:00,Medicina General,Consulta General,1.0,,Lista de Espera
47645559R,aguemart303@example.com,2026-03-05 17:00,Medicina General,Revisión de analíticas,1.0,,Lista de Espera
53108171K,narcpeir429@test.com,2026-03-05 17:15,Pediatría,Consulta General,1.0,,Confirmada
88184034X,larajime934@test.com,2026-03-05 17:15,Medicina General,Revisión de analíticas,1.0,,Confirmada
25483108M,aguemart303@example.com,2026-03-05 17:30,Medicina General,Revisión de analíticas,1.0,,Confirmada
42935729L,aitasala693@fakeemail.com,2026-03-05 18:00,Medicina General,Consulta General,1.0,,Confirmada
53108171K,narcpeir429@test.com,2026-03-05 18:15,Pediatría,Revisión de analíticas,1.0,,Confirmada
37884463J,larajime934@test.com,2026-03-05 18:15,Medicina General,Consulta General,1.0,,Confirmada
25483108M,aguemart303@example.com,2026-03-05 18:30,Medicina General,Renovación de medicación,1.0,,Lista de Espera
53108171K,narcpeir429@test.com,2026-03-05 19:00,Pediatría,Revisión de analíticas,1.0,,Confirmada
66309288N,larajime934@test.com,2026-03-05 19:00,Medicina General,Renovación de medicación,1.0,,Confirmada
53108171K,narcpeir429@test.com,2026-03-05 19:15,Pediatría,Renovación de medicación,1.0,,Confirmada
77299811P,larajime934@test.com,2026-03-05 19:45,Medicina General,Renovación de medicación,1.0,,Confirmada
53108171K,narcpeir429@test.com,2026-03-05 20:00,Pediatría,Consulta General,1.0,,Confirmada
57315868Y,aguemart303@example.com,2026-03-05 20:00,Medicina General,Revisión de analíticas,1.0,,Lista de Espera
53108171K,narcpeir429@test.com,2026-03-05 20:15,Pediatría,Renovación de medicación,1.0,,Confirmada
68827354S,larajime934@test.com,2026-03-05 20:30,Medicina General,Renovación de medicación,1.0,,Lista de Espera
53108171K,narcpeir429@test.com,2026-03-05 20:45,Pediatría,Revisión de analíticas,1.0,,Confirmada
96232651F,anadel212@fakeemail.com,2026-03-06 08:00,Cardiología,Volante - Derivación Baja,1.0,5d78658c-021b-430d-854f-6d4cb1820f7a,Confirmada
64485145E,fideherr429@example.com,2026-03-06 08:00,Dermatología,Volante - Derivación Baja,1.0,44c0ec63-1b49-475c-981a-9ca15078159f,Confirmada
53108171K,ceciross98@example.com,2026-03-06 08:00,Oncología,Volante - Derivación Baja,1.0,5f09ca03-fb0f-432c-8767-8febbf5fba93,Lista de Espera
11377510P,angesast324@test.com,2026-03-06 08:30,Pediatría,Consulta General,1.0,,Lista de Espera
54696743Y,cariflor149@test.com,2026-03-06 09:00,Ginecología,Volante - Derivación Baja,1.0,9c240605-f249-4b31-8a5e-e5036ac1025b,Confirmada
32335435B,juanpabl907@fakeemail.com,2026-03-06 09:30,Oftalmología,Volante - Derivación Baja,1.0,aa2ff939-6125-487c-a29e-efc0af07b209,Confirmada
75608512Z,sariteno261@test.com,2026-03-06 10:00,Ortopedia,Volante - Derivación Baja,1.0,80ac4132-e72d-4190-9cd6-da12c014f957,Confirmada
97157445V,fideherr429@example.com,2026-03-06 10:15,Dermatología,Volante - Derivación Alta,3.0,369eb5e9-e668-4fa4-b611-9e243a024ef9,Lista de Espera
04248696K,juanpabl907@fakeemail.com,2026-03-06 10:15,Oftalmología,Volante - Derivación Baja,1.0,4f72732f-3c8b-4c64-b525-7296230df04c,Confirmada
96232651F,angesast324@test.com,2026-03-06 10:30,Pediatría,Revisión de analíticas,1.0,,Confirmada
45533458J,fideherr429@example.com,2026-03-06 11:00,Dermatología,Volante - Derivación Baja,1.0,9a9ceda0-3886-4830-adc2-943019c35a50,Confirmada
45935444M,tomaguio41@fakeemail.com,2026-03-06 11:00,Pediatría,Revisión de analíticas,1.0,,Confirmada
46728006X,cariflor149@test.com,2026-03-06 11:15,Ginecología,Volante - Derivación Baja,1.0,9b07e808-512a-4b28-8f78-d83cf7dcaa29,Confirmada
56510979W,angesast324@test.com,2026-03-06 11:30,Pediatría,Consulta General,1.0,,Confirmada
63686859C,anadel212@fakeemail.com,2026-03-06 12:00,Cardiología,Volante - Derivación Baja,1.0,d8a962f4-7343-4b84-9d7e-516f9e0bf8f5,Confirmada
70516985C,cariflor149@test.com,2026-03-06 12:00,Ginecología,Volante - Derivación Baja,1.0,fe1a275d-ad85-48c9-a25a-fa4abce5fc0c,Confirmada
68827354S,sariteno261@test.com,2026-03-06 12:00,Ortopedia,Volante - Derivación Baja,1.0,3f034392-969b-4a04-9771-151d3aafbfb5,Confirmada
96232651F,angesast324@test.com,2026-03-06 12:00,Pediatría,Consulta General,1.0,,Confirmada
02663759Z,angesast324@test.com,2026-03-06 12:30,Pediatría,Consulta General,1.0,,Confirmada
64247077G,ceciross98@example.com,2026-03-06 13:15,Oncología,Volante - Derivación Baja,1.0,5212d94c-f3e1-4f2b-af24-ecc48ebef84d,Lista de Espera
71414884E,tomaguio41@fakeemail.com,2026-03-06 14:00,Pediatría,Renovación de medicación,1.0,,Confirmada
50704098T,juanpabl907@fakeemail.com,2026-03-06 14:00,Oftalmología,Volante - Derivación Alta,3.0,d38fdd18-8313-409a-9e5c-fb6f3160b216,Lista de Espera
53108171K,narcpeir429@test.com,2026-03-06 15:15,Pediatría,Revisión de analíticas,1.0,,Lista de Espera
93342722M,larajime934@test.com,2026-03-06 16:15,Medicina General,Renovación de medicación,1.0,,Lista de Espera
32335435B,cariflor149@test.com,2026-03-06 16:45,Ginecología,Volante - Derivación Baja,1.0,d22bac20-0e1e-4c41-84d0-ad4129ff5ca8,Lista de Espera
45533458J,aitasala693@fakeemail.com,2026-03-06 17:00,Medicina General,Revisión de analíticas,1.0,,Confirmada
53108171K,narcpeir429@test.com,2026-03-06 17:00,Pediatría,Renovación de medicación,1.0,,Lista de Espera
53108171K,narcpeir429@test.com,2026-03-06 17:45,Pediatría,Renovación de medicación,1.0,,Lista de Espera
05916827P,larajime934@test.com,2026-03-06 17:45,Medicina General,Revisión de analíticas,1.0,,Confirmada
53108171K,narcpeir429@test.com,2026-03-06 18:00,Pediatría,Revisión de analíticas,1.0,,Confirmada
26189238N,larajime934@test.com,2026-03-06 18:00,Medicina General,Consulta General,1.0,,Confirmada
53108171K,narcpeir429@test.com,2026-03-06 18:15,Pediatría,Consulta General,1.0,,Confirmada
93342722M,larajime934@test.com,2026-03-06 18:15,Medicina General,Renovación de medicación,1.0,,Lista de Espera
29099523S,larajime934@test.com,2026-03-06 18:45,Medicina General,Renovación de medicación,1.0,,Confirmada
53108171K,narcpeir429@test.com,2026-03-06 19:00,Pediatría,Renovación de medicación,1.0,,Lista de Espera
03413904Z,larajime934@test.com,2026-03-06 19:00,Medicina General,Consulta General,1.0,,Lista de Espera
53108171K,narcpeir429@test.com,2026-03-06 19:15,Pediatría,Renovación de medicación,1.0,,Confirmada
53108171K,narcpeir429@test.com,2026-03-06 19:30,Pediatría,Renovación de medicación,1.0,,Confirmada
37884463J,larajime934@test.com,2026-03-06 19:30,Medicina General,Revisión de analíticas,1.0,,Lista de Espera
53108171K,narcpeir429@test.com,2026-03-06 19:45,Pediatría,Revisión de analíticas,1.0,,Confirmada
50952260S,aitasala693@fakeemail.com,2026-03-06 20:00,Medicina General,Renovación de medicación,1.0,,Lista de Espera
37884463J,larajime934@test.com,2026-03-06 20:00,Medicina General,Renovación de medicación,1.0,,Confirmada
17924058C,larajime934@test.com,2026-03-06 20:45,Medicina General,Revisión de analíticas,1.0,,Confirmada
